[{"model": "main.state", "pk": 1, "fields": {"name": "CA"}}, {"model": "main.state", "pk": 2, "fields": {"name": "AL"}}, {"model": "main.state", "pk": 3, "fields": {"name": "NY"}}, {"model": "main.state", "pk": 4, "fields": {"name": "PN"}}, {"model": "main.state", "pk": 5, "fields": {"name": "IH"}}, {"model": "main.state", "pk": 6, "fields": {"name": "US"}}, {"model": "main.state", "pk": 7, "fields": {"name": "BS"}}, {"model": "main.state", "pk": 8, "fields": {"name": "WH"}}, {"model": "main.state", "pk": 9, "fields": {"name": "RI"}}, {"model": "main.state", "pk": 10, "fields": {"name": "CL"}}, {"model": "main.state", "pk": 11, "fields": {"name": "LA"}}, {"model": "main.university", "pk": 1, "fields": {"name": "California State University", "background": "California State University--Northridge is a public institution that was founded in 1958. It has a total undergraduate enrollment of 35,616, its setting is urban, and the campus size is 356 acres. It utilizes a semester-based academic calendar. California State University--Northridge's ranking in the 2016 edition of Best Colleges is Regional Universities (West), 70. Its in-state tuition and fees are $6,525 (2015-16); out-of-state tuition and fees are $17,685 (2015-16).\r\nSchool mission and unique qualities (as provided by the school): \r\nCSUN's alumni include past state Teachers of the Year, Grammy Award winners, noted public officials including a state governor, nationally-known cable news personalities, and a space shuttle astronaut. Their success reflects the hard work and determination of Cal State Northridge's diverse student body and the commitment of the University's faculty and staff to help students fulfill their goals and dreams.", "state": 1, "acceptance_rate": 52.9, "website": "http://www.csun.edu"}}, {"model": "main.university", "pk": 2, "fields": {"name": "Auburn University", "background": "Auburn University was established in 1856 as the East Alabama Male College, 20 years after the city of Auburn's founding. In 1872, under the Morrill Act, the school became the first land-grant college in the South and was renamed the Agricultural and Mechanical College of Alabama. In 1899 the name again was changed, to the Alabama Polytechnic Institute. Finally, in 1960 the name of the school was changed to Auburn University, a title more in keeping with its location, and expressing the varied academic programs and larger curriculum of a major university.\r\n\r\nToday, Auburn is one of the few universities to carry the torch as a land, sea and space grant university. Our fall 2015 semester enrollment was 27,287. Our students can choose from more than 140 degree options in 13 schools and colleges at the undergraduate, graduate and professional levels.\r\n\r\nAuburn University has developed into one of the largest universities in the South, remaining in the educational forefront with its traditional blend of arts and applied science, and changing with the needs of today while living with a respect for the traditions and spirit that are Auburn.", "state": 2, "acceptance_rate": 83.5, "website": "http://www.auburn.edu"}}, {"model": "main.university", "pk": 3, "fields": {"name": "Binghamton University", "background": "Binghamton University opened its doors as Triple Cities College in 1946 to serve the needs of local veterans returning from service in World War II. Originally located in Endicott, five miles west of the present campus, the fledgling school was a branch of Syracuse University.\r\n\r\nFour years later, when the college was incorporated into the State University of New York, it was renamed Harpur College in honor of Robert Harpur, a Colonial teacher, patriot and pioneer, who devoted his later years to settling the area around Binghamton.\r\n\r\nUntil 1953, Harpur College was one of only two public liberal arts colleges in the state. In 1961, the campus was moved across the Susquehanna River to Vestal. Growing enrollment and a reputation for excellence soon led to the selection of Harpur College as one of four doctorate-granting University Centers in the state system.\r\n\r\nIn 1965, the campus was formally designated the State University of New York at Binghamton. Binghamton University was adopted as our informal name in 1992. \r\nOur Mission\r\n\r\nBinghamton University is a premier public university dedicated to enriching the lives of people in the region, state, nation and world through discovery and education and to being enriched by partnerships with those communities.", "state": 3, "acceptance_rate": 44.1, "website": "http://www.binghamton.edu/"}}, {"model": "main.university", "pk": 4, "fields": {"name": "Buknell University", "background": "Bucknell University is a private institution that was founded in 1846. It has a total undergraduate enrollment of 3,565, its setting is rural, and the campus size is 445 acres. It utilizes a semester-based academic calendar. Bucknell University's ranking in the 2016 edition of Best Colleges is National Liberal Arts Colleges, 32.  Bucknell is divided into the College of Arts and Sciences, the College of Engineering and the School of Management. The undergraduate curriculum is guided by a liberal arts core, and students can choose from more than 50 majors including professional programs in education, engineering, management and music. About 40 percent of students at Bucknell take advantage of more than 130 study-abroad programs. Bucknell traditions include the Chrysalis Ball, an annual student/faculty/staff gala, and First Night, an event held in January to celebrate the successful completion of freshman students\u2019 first semester.\r\n\r\nSchool mission and unique qualities (as provided by the school): \r\nEstablished in 1846, Bucknell is highly selective, private, nonsectarian, coeducational, residential, and undergraduate, with a small graduate program. At Bucknell, you will connect with your professors both as mentors and as innovators in their fields, engage critically with diverse perspectives, learn to write well, present your ideas and apply what you learn. We offer over 50 majors and 65 minors in the arts, engineering, humanities, management, sciences and social sciences. If you join us, you will be part of our thriving intellectual community that is grounded in the liberal arts and provides students with hands-on learning experiences including research, service and creative projects. Students build robots, write and perform in their own plays and debate solutions to global issues. Engineers make art, artists analyze DNA and philosophers make music. You will choose your own pathway, but what unites everyone is a shared enthusiasm for learning and a desire to achieve deeper levels of understanding about life and the world. Your Bucknell professors will inspire you with their passion for the material and their depth of knowledge. Our student-faculty ratio is 10:1, which means you will find that they take the time to get to know you personally and provide help and advice - and not just in class. All you need to do is seek the opportunity. With its green spaces, red brick buildings and striking vistas, Bucknell's 450-acre campus is a quintessential college environment in the heart of scenic central Pennsylvania. The shops of historic downtown Lewisburg - including the Barnes & Noble at Bucknell University and the historic Campus Theatre - lie within walking distance of campus. The University is located within three to four hours by car of New York City, Baltimore, Washington, D.C., Philadelphia and Pittsburgh. Bucknell is a residential university, so most students live on campus, but learning, service, research and recreation extend off campus. You will have the opportunity to volunteer as close as the local nursing home, community center and sustainable farm and as far away as New Orleans and Uganda. Students also travel off campus to conduct research with faculty mentors. Destinations have included Alaska, Suriname, Australia and the Sudan. More than 45 percent of students spend a summer, semester, or year abroad through one of university's own \"in\" programs or 160 other approved programs in Africa, Asia, Australia, the Caribbean, Europe and South America. As the cultural hub of the region, Bucknell's social environment will inspire you and expand your learning. You'll join with active students whose voices are valued in student government and in shaping the University community. Take advantage of speaker series, arts performances and scholarly lectures on campus. Become a member or leader of a student-run organization. From participating in the arts, honor societies, cultural, political or religious organizations, to exploring the outdoors, you'll find your niche. You can compete in and support Division I athletics as well as intramural and club sports and be active in our state-of-the-art fitness center. About half of sophomores, juniors and seniors participate in fraternity and sorority life. At Bucknell, you'll take advantage of career services such as advising, networking, mock interviews, internship support and employer fairs. You can explore your career options and network with alumni through summer internships with corporations, government organizations and non-profits locally, nationally and internationally. An externship program provides job-shadowing opportunities for sophomores. And all that work will pay off. The career placement rate for recent Bucknell graduates is consistently high: 97% of the Class of 2014 was employed, in graduate school, both employed and in graduate school, or volunteering within nine months of graduation.", "state": 4, "acceptance_rate": 30.7, "website": "http://www.bucknell.edu"}}, {"model": "main.university", "pk": 5, "fields": {"name": "Boise State University", "background": "Boise State University (BSU) is a public research institution in Boise, Idaho.                            \r\n\r\nFounded in 1932 by the Episcopal Church, it became an independent junior college in 1934, and has been awarding baccalaureate and master's degrees since 1965. With nearly 23,000 students, Boise State has the largest enrollment of higher education institutions in the state of Idaho.\r\n\r\nBoise State offers 201 degrees in 190 fields of study and has more than 100 graduate programs, including the MBA and MAcc programs in the College of Business and Economics; Masters and PhD programs in the Colleges of Engineering, Arts & Sciences, and Education; and the MPA program in the College of Social Sciences & Public Affairs.\r\n\r\nThe university's athletic teams, the Broncos, participate in NCAA Division I athletics (FBS for football) as a member of the Mountain West Conference[5] for most sports. The Wrestling team is an associate member of the Pac-12 Conference, since the MWC does not sponsor the sport.                             Boise State is the hub of Bronco Nation and is located in the population center of the state and capital city. Innovative programs, award-winning faculty, and vibrant student culture add up to an outstanding educational experience at the metropolitan research university of Idaho. As one of the top public universities in the Northwest, Boise State University strives to be known not only for the finest undergraduate education in the region but also for outstanding research and graduate programs. With more than 22,000 students representing Idaho, the nation and the world, Boise State has a diverse population including many nontraditional students as well as those enrolling directly from high school. The breadth of programs and services Boise State offers, combined with its unique location, make it one of the best places in the nation to live and learn. Our metropolitan university has academic programs in eight colleges (Arts and Sciences, Business and Economics, Education, Engineering, Health Sciences, Honors, Social Sciences and Public Affairs, and Graduate Studies) with a full-time faculty of more than 650. In addition, students can enhance classroom learning by interning with the State Legislature, government agencies, or one of the many private businesses or industries in the area. They also can study abroad in more than 50 countries. Boise State faculty members are dedicated to excellence in teaching, research and creative activity. Students have the opportunity to work with and study under some of the most respected scientists, artists, researchers and educators in the West. And more than 200 student organizations guarantee plenty of opportunity for fun. As the metropolitan research university in Idaho, Boise State University plays a crucial and growing role in the economic development and famed quality of life of our region. Located in the shadows of the Rocky Mountain foothills, Boise offers a variety of opportunities for growth, education and discovery. The largest metropolitan area for 300 miles in any direction, the city has repeatedly been listed in the Top 10 for business, careers and great outdoor recreation. With a growing reputation as one of the high-tech hotbeds in America, it is no surprise that Boise is often rated as one of the most livable cities in America. The City of Trees offers many unique attractions, including the Basque Museum and Cultural Center, Idaho Anne Frank Human Rights Memorial, the Idaho Shakespeare Festival and the World Center for Birds of Prey. Coffeehouses, restaurants, dance clubs and other businesses that cater to the college crowd are just a 10-minute walk from campus, making it easy to take advantage of the thriving cultural and entertainment scene of Boise. Despite its many big city amenities, Boise still offers a safe and comfortable small-town feel. Beyond Boise, you will find mountains, rivers and plenty of open outdoor space.", "state": 5, "acceptance_rate": 77.0, "website": "http://www.boisestate.edu/"}}, {"model": "main.university", "pk": 6, "fields": {"name": "Boston College", "background": "Boston College (BC) is a private Jesuit Catholic research university located in the village of Chestnut Hill, Massachusetts, United States, 6 miles (9.7 km) west of downtown Boston. It has 9,100 full-time undergraduates and almost 5,000 graduate students. The university's name reflects its early history as a liberal arts college and preparatory school (now Boston College High School) in Boston's South End. It is a member of the 568 Group and the Association of Jesuit Colleges and Universities. Its main campus is a historic district and features some of the earliest examples of collegiate gothic architecture in North America.\r\n\r\nBoston College's undergraduate program is currently ranked 30th in the National Universities ranking by U.S. News & World Report. Boston College is categorized as a research university with high research activity by the Carnegie Foundation for the Advancement of Teaching. Students at the university earned 21 Fulbright Awards in 2012, ranking the school eighth among American research institutions. At $2.2 billion, Boston College has the 40th largest university endowment in North America.\r\n\r\nBoston College offers bachelor's degrees, master's degrees, and doctoral degrees through its nine schools and colleges: Morrissey College of Arts & Sciences, Boston College Graduate School of Arts & Sciences, Carroll School of Management, Lynch School of Education, Connell School of Nursing, Boston College Graduate School of Social Work, Boston College Law School, Boston College School of Theology and Ministry, Woods College of Advancing Studies.", "state": 6, "acceptance_rate": 33.9, "website": "http://www.bc.edu/"}}, {"model": "main.university", "pk": 7, "fields": {"name": "Boston University", "background": "Boston University is a private institution that was founded in 1839. It has a total undergraduate enrollment of 18,017, its setting is urban, and the campus size is 135 acres. It utilizes a semester-based academic calendar. Boston University's ranking in the 2016 edition of Best Colleges is National Universities, 41. Pursue knowledge and embrace possibilities at Boston University. Whatever your interests, you'll discover many more in our 16 schools and colleges, including highly ranked professional schools of medicine, law, communication, engineering, and business. Study under a faculty that includes Pulitzer Prize, Nobel Prize, and MacArthur Foundation Genius Award winners. Oh, did we mention our low 13:1 student/faculty ratio? Maybe you'll participate in an area of study that makes us one of the world???s leading research institutions. In fact, BU is the first private university since 1995 invited to join the prestigious Association of American Universities. You'll definitely enjoy the historic, vibrant city of Boston with its wealth of entertainment, cultural, and professional opportunities. But while Boston is our name, our reach is definitely global. Our 33,000 students hail from 50 states and 143 countries. And BU participates in over 400 research, service, and education programs on every continent in the world. At Boston University, the possibilities for success are limitless. Join our network of alumni who shape, serve, and improve the world.", "state": 7, "acceptance_rate": 32.0, "website": "http://www.bu.edu/"}}, {"model": "main.university", "pk": 8, "fields": {"name": "Brandeis University", "background": "Brandeis University is a private institution that was founded in 1948. It has a total undergraduate enrollment of 3,729, its setting is suburban, and the campus size is 235 acres. It utilizes a semester-based academic calendar. Brandeis University's ranking in the 2016 edition of Best Colleges is National Universities, 34. Its tuition and fees are $49,598 (2015-16).\r\n\r\nBrandeis University is located in Waltham, Mass., just nine miles west of Boston. Students are guaranteed housing for their first four semesters. In addition to student-run TV and radio stations, Brandeis has religious and performance groups, service organizations, cultural awareness groups, performance groups and more. The Shapiro Campus Center serves as a hub of student activity on campus, housing a theater, bookstore, cafe, library, meeting rooms and a student art gallery. Cholmondeley\u2019s, the campus coffeehouse, is another hotspot for concerts and comedy shows. The Brandeis Judges field more than 15 NCAA Division III teams and are known for their strong men\u2019s soccer team. There is no Greek life on campus.\r\n\r\nBrandeis is comprised of the College of Arts and Sciences and four graduate schools. The Graduate School of Arts and Sciences offers highly ranked programs in English and history, and The Heller School for Social Policy and Management is notable for its programs in social policy, health policy and management, and international development. Nearly 50 percent of students participate in study abroad programs offered in about 70 countries around the world. The Steinhardt Social Research Institute at Brandeis provides research and information on contemporary Judaism and the Jewish community. Pulitzer Prize winner and New York Times columnist Thomas Friedman graduated from Brandeis, which was named for the first Jewish Associate Justice of the Supreme Court, Louis Dembitz Brandeis.", "state": 8, "acceptance_rate": 35.5, "website": "http://www.brandeis.edu"}}, {"model": "main.university", "pk": 9, "fields": {"name": "Brown University", "background": "Brown University is a private institution that was founded in 1764. It has a total undergraduate enrollment of 6,548, its setting is urban, and the campus size is 146 acres. It utilizes a semester-based academic calendar. Brown University's ranking in the 2016 edition of Best Colleges is National Universities, 14. Its tuition and fees are $49,346 (2015-16).\r\n\r\nLocated atop College Hill in Providence, R.I., Brown University has a college-town feel with Thayer Street serving as a center of activity for shopping and dining. The Brown Bears have about 35 NCAA Division I athletic teams and compete in the Ivy League. The Bears are well known for their men\u2019s soccer team, which consistently ranks among the top 25 teams in the nation. All students at Brown are required to live on campus for their first six semesters, and housing options include traditional singles, doubles and suites. With around 400 student organizations on campus ranging from The Brown Jug comedy magazine to Brown Ballroom Dance, students can find a way to pursue their interests. Brown also has a small but vibrant Greek community with approximately 10 chapters, including a few co-ed Greek organizations.\r\n\r\nBrown offers a number of a graduate studies through its Graduate School, which offers well-regarded programs in English and history, and the highly ranked Warren Alpert Medical School. The center section of the Van Wickle Gates on Brown\u2019s campus opens only twice a year: once to let incoming students onto campus and once to let recent graduates exit after commencement. Brown hosts an annual celebratory \"Spring Weekend\" with athletic events, concerts and free food. Notable alumni include John D. Rockefeller Jr., John F. Kennedy Jr. and CNN founder and media mogul Ted Turner.", "state": 9, "acceptance_rate": 8.7, "website": "https://www.brown.edu"}}, {"model": "main.university", "pk": 10, "fields": {"name": "California Institute of Technology", "background": "California Institute of Technology is a private institution that was founded in 1891. It has a total undergraduate enrollment of 983, its setting is suburban, and the campus size is 124 acres. It utilizes a quarter-based academic calendar. California Institute of Technology's ranking in the 2016 edition of Best Colleges is National Universities, 10. Its tuition and fees are $45,390 (2015-16).\r\n\r\nCaltech, which focuses on science and engineering, is located in Pasadena, California, approximately 11 miles northeast of Los Angeles. Social and academic life at Caltech centers on the eight student houses, which the school describes as \"self-governing living groups.\" Student houses incorporate an admired Caltech tradition: dinners served by student waiters. Only freshmen are required to live on campus, but around 80 percent of students remain in their house for all four years. The Caltech Beavers have a number of NCAA Division III teams that compete in the Southern California Intercollegiate Athletic Conference. Integral to student life is the Honor Code, which dictates that \"No member of the Caltech community shall take unfair advantage of any other member of the Caltech community.\"\r\n\r\nIn addition to its undergraduate studies, Caltech offers top graduate programs in engineering, biology, chemistry, computer science, earth sciences, mathematics and physics. Caltech participates in a significant amount of research, receiving grants from institutions such as NASA, the National Science Foundation and the Department of Health and Human Services, among others. Caltech maintains a strong tradition of pranking with the Massachusetts Institute of Technology, another top-ranked science and technology university. Companies such as Intel, Compaq and Hotmail were founded by Caltech alumni. Famous film director Frank Capra also graduated from Caltech.", "state": 10, "acceptance_rate": 8.8, "website": "http://www.fullerton.edu"}}, {"model": "main.university", "pk": 11, "fields": {"name": "California State University- Fullerton", "background": "California State University--Fullerton is a public institution that was founded in 1957. It has a total undergraduate enrollment of 32,726, its setting is suburban, and the campus size is 236 acres. It utilizes a semester-based academic calendar. California State University--Fullerton's ranking in the 2016 edition of Best Colleges is Regional Universities (West), 37. Its in-state tuition and fees are $6,436 (2015-16); out-of-state tuition and fees are $17,596 (2015-16).\r\nCalifornia State University\u2014Fullerton (CSUF) is located in the center of Orange County, about 30 miles from Los Angeles. The school offers more than 50 undergraduate degrees and nearly 50 master\u2019s programs, including those in the Mihaylo College of Business and Economics, the education school, and the highly ranked midwifery and anesthesiology programs in the nursing department. Outside the classroom, Cal State Fullerton students can explore more than 50 clubs, join a fraternity or sorority, or play in an intramural sports team. Many students also simply soak up the sunshine of Orange County, visit the beach nearby, and explore L.A.. For student athletes, CSUF offers several Division I varsity sports teams, which compete in various conferences. The school\u2019s sports teams are called the Titans, and its mascot is an elephant named Tuffy Titan, who came to be after CSUF hosted a highly publicized intercollegiate elephant race in the 1960s. Notable Cal State Fullerton alumni include Academy Award winner Kevin Costner, who starred in Dances with Wolves and Field of Dreams.", "state": 11, "acceptance_rate": 44.5, "website": "http://www.fullerton.edu"}}, {"model": "main.university", "pk": 12, "fields": {"name": "California State University- Northridge", "background": "California State University--Northridge is a public institution that was founded in 1958. It has a total undergraduate enrollment of 35,616, its setting is urban, and the campus size is 356 acres. It utilizes a semester-based academic calendar. California State University--Northridge's ranking in the 2016 edition of Best Colleges is Regional Universities (West), 70. Its in-state tuition and fees are $6,525 (2015-16); out-of-state tuition and fees are $17,685 (2015-16).\r\nSchool mission and unique qualities (as provided by the school): \r\nCSUN's alumni include past state Teachers of the Year, Grammy Award winners, noted public officials including a state governor, nationally-known cable news personalities, and a space shuttle astronaut. Their success reflects the hard work and determination of Cal State Northridge's diverse student body and the commitment of the University's faculty and staff to help students fulfill their goals and dreams.", "state": 11, "acceptance_rate": 52.9, "website": "http://www.csun.edu"}}, {"model": "main.university", "pk": 13, "fields": {"name": "Carnegie Mellon University", "background": "Carnegie Mellon University is a private institution that was founded in 1900. It has a total undergraduate enrollment of 6,309, its setting is urban, and the campus size is 148 acres. It utilizes a semester-based academic calendar. Carnegie Mellon University's ranking in the 2016 edition of Best Colleges is National Universities, 23. Its tuition and fees are $50,410 (2015-16).\r\n\r\nCarnegie Mellon University, founded by industrialist and philanthropist Andrew Carnegie, is located in Pittsburgh, which offers dining and entertainment options as well as professional sports teams including the Penguins (hockey), Steelers (football) and Pirates (baseball). Only freshmen are required to live on campus, but the university guarantees housing for all four years, and the majority of students choose to remain on campus. Nearly 20 percent of the student population is affiliated with Greek life, which consists of more than 20 fraternities and sororities. The Carnegie Mellon Tartans compete in NCAA Division III competitions, and the Kiltie Band, which sports full Scottish regalia, performs at every home football game.\r\n\r\nCarnegie Mellon is known for its programs in science and technology, but its seven schools and colleges include a College of Fine Arts and College of the Dietrich College of Humanities and Social Sciences. Its graduate programs include the highly ranked Tepper School of Business, Carnegie Institute of Technology and School of Computer Science. Undergraduates at Carnegie Mellon have the opportunity to participate in research and can even receive grants or summer fellowships to support research in their field of study. Randy Pausch, author of the New York Times best-selling book \"The Last Lecture,\" was a professor at Carnegie Mellon.", "state": 4, "acceptance_rate": 24.6, "website": "https://www.cmu.edu"}}, {"model": "main.admission", "pk": 1, "fields": {"program_type": 0, "admission_type": 0, "detail": "Freshmen applicants are those who are currently attending or who have graduated from high school but have not attended college (summer following high school graduation excluded).", "university": 2}}, {"model": "main.admission", "pk": 2, "fields": {"program_type": 0, "admission_type": 1, "detail": "Transfer applicants are those that are applying credits from another institution to Auburn University with the intention of obtaining an Auburn University degree.", "university": 2}}, {"model": "main.admission", "pk": 3, "fields": {"program_type": 1, "admission_type": 0, "detail": "", "university": 2}}, {"model": "main.requirement", "pk": 1, "fields": {"detail": "Submit your Admission Application", "admission": 1}}, {"model": "main.requirement", "pk": 2, "fields": {"detail": "Pay the $60 non-refundable application fee (USD)", "admission": 1}}, {"model": "main.requirement", "pk": 3, "fields": {"detail": "ACT and/or SAT scores submitted directly from the testing agency", "admission": 1}}, {"model": "main.requirement", "pk": 4, "fields": {"detail": "TOEFL and/or PTE scores sent from the Educational Testing Service (ETS)", "admission": 1}}, {"model": "main.requirement", "pk": 5, "fields": {"detail": "Submit your official evaluated high school transcripts", "admission": 1}}, {"model": "main.requirement", "pk": 6, "fields": {"detail": "Submit an Affidavit of Financial Support", "admission": 1}}, {"model": "main.requirement", "pk": 7, "fields": {"detail": "Submit a Supporting Bank Letter", "admission": 1}}, {"model": "main.requirement", "pk": 8, "fields": {"detail": "Submit your Admission Application", "admission": 2}}, {"model": "main.requirement", "pk": 9, "fields": {"detail": "Pay the $60 non-refundable application fee (USD)", "admission": 2}}, {"model": "main.requirement", "pk": 10, "fields": {"detail": "TOEFL and/or PTE scores sent from the Educational Testing Service (ETS)", "admission": 2}}, {"model": "main.requirement", "pk": 11, "fields": {"detail": "Submit your official evaluated college/university transcripts", "admission": 2}}, {"model": "main.requirement", "pk": 12, "fields": {"detail": "Submit an Affidavit of Financial Support", "admission": 2}}, {"model": "main.requirement", "pk": 13, "fields": {"detail": "Submit a Supporting Bank Letter", "admission": 2}}, {"model": "main.requirement", "pk": 14, "fields": {"detail": "View AU Graduate School profile and admissions requirements in Arabic or Chinese", "admission": 3}}, {"model": "main.requirement", "pk": 15, "fields": {"detail": "Complete the application according to the instructions.\r\nReturn the completed documents and application fee to this office NO LATER THAN THREE MONTHS BEFORE the beginning of the term in which you wish to enter graduate school.\r\nHelp with Surname\r\nIn the United States the LAST NAME is also the FAMILY NAME. Be sure that we can correctly identify all of your documents by your LAST (FAMILY) NAME", "admission": 3}}, {"model": "main.requirement", "pk": 16, "fields": {"detail": "Application Fee\r\nA $70 (U.S.) non-refundable application fee must accompany your application.  Applicants can pay online via Credit Card at the end of the application process.  The Graduate School accepts Visa, MasterCard, American Express, or Discover.  Applications and records will not be processed until the application fee has been received.\r\nApplicants from Iran, Nigeria, North Korea and Russia may have difficulty when paying the application fee via credit card.  If you have any difficulty playing the application fee, please contact the Graduate School (334-844-4700) to process your application over the phone", "admission": 3}}, {"model": "main.requirement", "pk": 17, "fields": {"detail": "English Proficiency\r\nAll applicants MUST SUBMIT an OFFICIAL score on the TOEFL (Test of English as a Foreign Language) directly to us from the Education Testing Service or IELTS (International English Language Testing System). Exemptions are considered on a case-by-case basis, depending on their official government language and medium of instruction", "admission": 3}}, {"model": "main.requirement", "pk": 18, "fields": {"detail": "Applications CANNOT be considered until one of these test scores has been received in the office of the Graduate School", "admission": 3}}, {"model": "main.requirement", "pk": 19, "fields": {"detail": "There can be NO EXCEPTIONS and there can be NO SUBSTITUTIONS", "admission": 3}}, {"model": "main.requirement", "pk": 20, "fields": {"detail": "Students MUST SCORE at least 550 on the paper TOEFL (pBT), 213 on the computer TOEFL (cBT), and 79 on the internet TOEFL (iBT) or 6.5 Overall Band Score on the IELTS to be considered for admission. On the iBT, students must score a minimum of 16 on the four component parts of the iBT (reading, listening, speaking, writing). Some departments require higher scores, but ALL must meet the minimum requirements.\r\nOther Tests\r\nInformation on other required tests is found in the instructions on the back of the Application for Admission", "admission": 3}}, {"model": "main.requirement", "pk": 21, "fields": {"detail": "GRE or GMAT scores will be evaluated in conjunction with your previous academic record.\r\nWe MUST receive \"OFFICIAL\" copies of all test scores directly from the Educational Testing Service", "admission": 3}}, {"model": "main.requirement", "pk": 22, "fields": {"detail": "All international graduate teaching assistants are required to submit evidence of satisfactory speaking skills. This can be demonstrated with a score of 23 or higher on the Speaking Section of the Internet-based TOEFL (iBT), or a score of 7 on the Speaking section of the IELTS, or a score of at least 50 on the SPEAK test, which is administered at Auburn University prior to the start of classes. A student may be asked to enroll in a course designed to improve the oral communication skills of international teaching assistants. Hiring units are responsible for making sure that international Graduate Teaching Assistants meet the minimum requirements for employment, including but not limited to a satisfactory background check and proficiency in English. For each international Graduate Teaching Assistant, hiring units are required to submit the International Graduate Teaching Assistant Certification of Eligibility for Employment form and supporting documentation.\r\nList of Colleges\r\nWhen you complete the \"List all Colleges...\" section of the Application for Admission, LIST ONLY COLLEGE/UNIVERSITY INFORMATION.\r\nEXAMPLE\r\nInstitution            Major Field     Date From - To     Received/Expected\r\nYour University     Your Major     1980-1985            B.A. (1st) or B.A.\r\nMUST HAVE COMPLETED A DEGREE EQUIVALENT TO A U.S. FOUR-YEAR BACHELOR'S DEGREE\r\nInternational applicants should provide an official original language transcript AND final diploma or certificate(s) accompanied by a certified English translation of each document.\r\nThe Graduate School Bulletin\r\nWe regret that the Graduate School Bulletin may NOT be mailed to foreign applicants. We receive thousands of requests for information each year and the cost of overseas mailing for so many Bulletins is prohibitive. The Graduate Bulletin is currently available for online viewing by visiting http://bulletin.auburn.edu. \r\nFinancial Sponsorship\r\nThe ESTIMATED TOTAL COST in the U.S. currency for attending Auburn University for one year, 2015-2016, is $39,430", "admission": 3}}, {"model": "main.requirement", "pk": 23, "fields": {"detail": "We regret that the Graduate School has no funds for scholarships or fellowships and cannot guarantee any form of financial aid", "admission": 3}}, {"model": "main.requirement", "pk": 24, "fields": {"detail": "Address inquiries concerning other forms of financial aid to the head of the department in which you wish to major", "admission": 3}}, {"model": "main.requirement", "pk": 25, "fields": {"detail": "Applicants MUST DEMONSTRATE the availability of adequate financial resources to meet personal and educational obligations. The properly completed \"Official Statement of Finances\" accompanied by certified evidence of your sponsor's financial capability MUST BE filed with this office before an admission letter and your I-20 Form can be released", "admission": 3}}]